time,x,y,z
0,350.4307,49.34451,0.2757207
0.02,350.4307,49.34451,0.2757207
0.2216782,350.4312,49.34712,0.2730972
0.2346119,350.4146,49.3218,0.2861527
0.2454811,350.4021,49.31523,0.2905659
0.2619261,350.4062,49.3158,0.291929
0.2787512,350.4114,49.31465,0.2980145
0.2842654,350.4143,49.32087,0.3069558
0.2953536,350.4094,49.32058,0.3007577
0.306255,350.409,49.3163,0.2897398
0.3174964,350.413,49.31504,0.2941485
0.3286562,350.4095,49.30828,0.2969217
0.3397982,350.4087,49.32244,0.2839343
0.3509174,350.4091,49.31691,0.2996827
0.3620852,350.4104,49.3214,0.2837404
0.3732546,350.4102,49.32126,0.3004435
0.3849867,350.4273,49.32618,0.2912994
0.3956161,350.43,49.32746,0.2868834
0.4061235,350.4219,49.32415,0.2852311
0.4171081,350.4224,49.32452,0.2845475
0.4281732,350.4277,49.32943,0.2846797
0.4394138,350.4209,49.32244,0.2909403
0.4511582,350.4268,49.32434,0.2856954
0.4624802,350.4183,49.31805,0.2855731
0.4728533,350.4151,49.33189,0.2817371
0.4840747,350.4182,49.32093,0.2843831
0.5207956,350.42,49.32377,0.2887549
0.527936,350.4238,49.32432,0.2936501
0.5345707,350.4292,49.33219,0.2824714
0.5386481,350.4283,49.33164,0.2860065
0.5496173,350.4233,49.32006,0.2820994
0.5639434,350.4313,49.331,0.2857343
0.5724295,350.423,49.3236,0.2932473
0.5831842,350.4242,49.3293,0.2844538
0.5968577,350.3977,49.32187,0.2785625
0.6055659,350.4149,49.32766,0.283923
0.6166268,350.4143,49.32526,0.2782254
0.6308466,350.4199,49.33432,0.2926179
0.6390689,350.4296,49.33367,0.287302
0.6501003,350.4153,49.32803,0.2946588
0.6648603,350.4176,49.32243,0.2768423
0.6747054,350.4247,49.32519,0.2953751
0.6898531,350.4046,49.3213,0.2871426
0.6953793,350.4212,49.32257,0.296435
0.706082,350.4174,49.32277,0.2884366
0.7177631,350.4356,49.32581,0.2839607
0.7309666,350.4117,49.33247,0.2916676
0.7395753,350.4246,49.32147,0.2948872
0.751382,350.4314,49.33249,0.2840917
0.7643175,350.429,49.32668,0.2932827
0.7731952,350.447,49.33356,0.2762095
0.7842392,350.4345,49.33578,0.2906553
0.7973067,350.4424,49.32835,0.28515
0.8077741,350.4284,49.34098,0.2925802
0.8177128,350.4378,49.32701,0.2877671
0.8321698,350.4266,49.31934,0.2915541
0.8402534,350.4142,49.32269,0.305897
0.8511905,350.4254,49.32669,0.2895291
0.865117,350.4232,49.33162,0.297543
0.8734859,350.4192,49.32575,0.293017
0.884573,350.4297,49.33463,0.2942723
0.8974811,350.4305,49.33089,0.2889141
0.907445,350.4353,49.32762,0.2876794
0.920468,350.4297,49.3295,0.3000337
0.9297444,350.4178,49.32612,0.2904146
0.9405261,350.4272,49.32809,0.3012088
0.9537969,350.4198,49.32932,0.2869535
0.9630902,350.4227,49.32129,0.2866073
0.9740176,350.4194,49.32351,0.298291
0.987098,350.4199,49.32904,0.2902808
0.9969714,350.4251,49.32737,0.2912605
1.007793,350.41,49.32963,0.2873216
1.021052,350.4162,49.32021,0.3036385
1.029917,350.4152,49.33087,0.294881
1.04103,350.4194,49.32515,0.2997424
1.053771,350.434,49.32076,0.2882221
1.063702,350.4177,49.3267,0.284848
1.07452,350.4269,49.31606,0.2935178
1.08726,350.4062,49.32395,0.3045369
1.097096,350.4169,49.32772,0.3050279
1.107959,350.4187,49.31332,0.3023896
1.12125,350.4139,49.33029,0.3040178
1.13067,350.4232,49.32401,0.2937484
1.141831,350.4291,49.32347,0.2997232
1.154484,350.4374,49.32246,0.2891097
1.163905,350.4269,49.33434,0.2959668
1.174956,350.4283,49.32479,0.2933187
1.187794,350.4341,49.3347,0.2898219
1.197452,350.4353,49.33366,0.2965956
1.208454,350.4398,49.32668,0.2887559
1.221939,350.4324,49.327,0.3046753
1.231123,350.4306,49.33009,0.2975134
1.24222,350.4265,49.32766,0.2930166
1.255977,350.4338,49.3308,0.3032859
1.264357,350.4289,49.32825,0.2904497
1.275439,350.4214,49.33155,0.2950597
1.288932,350.4242,49.32984,0.2999062
1.29806,350.4315,49.32222,0.2921359
1.309122,350.4262,49.32006,0.3012879
1.322606,350.4198,49.33256,0.2883705
1.331651,350.4171,49.32954,0.2913031
1.342758,350.4227,49.32701,0.2985739
1.356565,350.421,49.32928,0.2874508
1.365712,350.4241,49.32454,0.2911794
1.376189,350.4201,49.33286,0.2866349
1.389318,350.4331,49.32418,0.2877463
1.398459,350.4365,49.32535,0.3025869
1.409753,350.4264,49.33085,0.2894191
1.423492,350.4291,49.32614,0.2990031
1.432444,350.4323,49.33244,0.2879529
1.443256,350.4251,49.3327,0.2931334
1.456123,350.4296,49.31692,0.2962216
1.465598,350.4285,49.32467,0.299647
1.47685,350.4401,49.33203,0.2961579
1.491229,350.4337,49.33022,0.2888103
1.499411,350.4258,49.33297,0.2879444
1.510432,350.4345,49.32881,0.2968278
1.523833,350.4261,49.32978,0.3006717
1.532762,350.442,49.32935,0.2923651
1.5441,350.4479,49.32958,0.2841273
1.557531,350.4368,49.33652,0.2775397
1.56616,350.438,49.33751,0.2892926
1.577187,350.4333,49.32986,0.2929577
1.590075,350.4332,49.33218,0.2882633
1.600343,350.4287,49.33216,0.2850429
1.611202,350.4331,49.33136,0.2858524
1.624192,350.4298,49.32465,0.289454
1.633163,350.4385,49.3347,0.2782145
1.644398,350.4412,49.32788,0.289695
1.657146,350.4308,49.3299,0.2823517
1.66733,350.4254,49.33236,0.2800576
1.678321,350.4154,49.32645,0.277211
1.690736,350.4231,49.33328,0.289342
1.700359,350.4197,49.32885,0.2877792
1.71128,350.438,49.32776,0.2840312
1.725315,350.4377,49.325,0.2930661
1.733662,350.4355,49.32963,0.2855611
1.745086,350.4264,49.3293,0.2895072
1.758553,350.4364,49.32399,0.2865427
1.76711,350.432,49.33001,0.2774325
1.77837,350.4213,49.3291,0.2883023
1.790999,350.4303,49.3238,0.2905379
1.800832,350.4306,49.32384,0.2913606
1.811923,350.4249,49.32121,0.2899131
1.825981,350.4297,49.3295,0.2941887
1.834243,350.4203,49.32146,0.2991654
1.845288,350.4212,49.32901,0.2821157
1.858483,350.4214,49.32227,0.2945375
1.867678,350.4082,49.32844,0.3012278
1.878779,350.414,49.32981,0.2861967
1.891662,350.4151,49.31859,0.2944174
1.902961,350.4268,49.32303,0.3019304
1.912369,350.4134,49.32192,0.3027407
1.925567,350.4193,49.32048,0.3030175
1.934774,350.4299,49.31918,0.2927727
1.945857,350.4197,49.32433,0.2865629
1.958879,350.4182,49.3251,0.2960618
1.968159,350.4281,49.3194,0.2928141
1.979334,350.4226,49.32742,0.2935563
1.992174,350.4215,49.32248,0.2821758
2.001834,350.4153,49.31509,0.3024479
2.012737,350.421,49.31923,0.2913065
2.025992,350.4195,49.32212,0.2906727
2.035378,350.4325,49.33891,0.2798716
2.046281,350.4453,49.32822,0.2922699
2.059041,350.4302,49.3273,0.2749073
2.068745,350.4258,49.32644,0.2835779
2.07984,350.4363,49.33134,0.2775147
2.09288,350.4325,49.33419,0.2887634
2.102424,350.4367,49.32902,0.2804435
2.113201,350.4374,49.32143,0.2881915
2.126439,350.4427,49.3129,0.294208
2.135767,350.4442,49.32104,0.2883014
2.147001,350.4514,49.3222,0.2779962
2.160847,350.4426,49.32273,0.2896878
2.169119,350.4367,49.3197,0.291385
2.180233,350.4385,49.31813,0.2822072
2.193118,350.4317,49.32291,0.2873223
2.203054,350.438,49.32635,0.286349
2.213932,350.4312,49.33076,0.2859887
2.226935,350.4345,49.31733,0.2916449
2.236354,350.4379,49.32654,0.2943267
2.247689,350.4382,49.32292,0.2899043
2.262639,350.428,49.32265,0.2878694
2.269839,350.4342,49.33193,0.2845673
2.280972,350.41,49.31869,0.2892872
2.294587,350.4251,49.32499,0.2926413
2.303425,350.4197,49.32368,0.2842448
2.31446,350.4315,49.32571,0.2814991
2.328411,350.4476,49.32877,0.2813526
2.336841,350.4226,49.32572,0.2851615
2.347822,350.4302,49.32373,0.2907083
2.361229,350.4343,49.33264,0.2980236
2.370352,350.4419,49.32349,0.2925953
2.381591,350.4338,49.32907,0.2872218
2.394359,350.4247,49.32216,0.2916525
2.404501,350.4336,49.32275,0.291784
2.415497,350.4299,49.32146,0.2917742
2.428115,350.4402,49.32874,0.2954305
2.437268,350.4333,49.3294,0.2861277
2.448303,350.4332,49.32951,0.2916789
2.461664,350.4352,49.33058,0.288096
2.470822,350.437,49.32832,0.2910585
2.482024,350.4238,49.32317,0.2899904
2.495138,350.4189,49.31791,0.2965786
2.50453,350.4262,49.32809,0.2886036
2.517088,350.4273,49.32172,0.2872793
2.531064,350.4236,49.32213,0.2982118
2.539627,350.4264,49.31972,0.299288
2.550486,350.4135,49.32545,0.2859707
2.564099,350.4245,49.32738,0.2947115
2.573239,350.4189,49.31918,0.2927677
2.584176,350.4263,49.32739,0.2881433
2.597588,350.4178,49.32535,0.286117
2.606571,350.4258,49.33019,0.288402
2.617569,350.4266,49.32329,0.2963208
2.630857,350.4229,49.32205,0.2861225
2.640083,350.4218,49.32977,0.2943412
2.651335,350.4294,49.32005,0.296217
2.666383,350.4287,49.32901,0.2947925
2.674137,350.4275,49.33522,0.294237
2.687745,350.4341,49.33088,0.2923094
2.69596,350.4396,49.33363,0.2836106
2.707084,350.4384,49.33185,0.3001508
2.72012,350.4348,49.33231,0.2943543
2.729655,350.4318,49.32851,0.2851932
2.74052,350.4247,49.32358,0.2846991
2.753418,350.4218,49.33307,0.2923628
2.764792,350.4214,49.3304,0.292447
2.774043,350.4314,49.33242,0.294076
2.786831,350.4265,49.3258,0.2955756
2.796512,350.4362,49.33236,0.2930699
2.807755,350.4286,49.33032,0.2870896
2.82136,350.4228,49.33575,0.2841625
2.830098,350.4253,49.32951,0.2806616
2.841287,350.4174,49.32326,0.2901082
2.853752,350.4195,49.32575,0.2936617
2.863446,350.4249,49.33479,0.2898007
2.874537,350.4268,49.3357,0.2874875
2.887247,350.4276,49.3348,0.2951624
2.897212,350.4206,49.32979,0.2824417
2.908153,350.4239,49.32433,0.2946419
2.920885,350.4364,49.3318,0.292291
2.930371,350.4337,49.32697,0.2970206
2.941666,350.4388,49.32991,0.2933934
2.954341,350.4337,49.33016,0.2903556
2.963894,350.4304,49.3343,0.2948386
2.97499,350.4249,49.32903,0.2946132
2.988539,350.4374,49.33107,0.2976077
2.997586,350.4254,49.33795,0.2940715
3.009097,350.434,49.33905,0.2912275
3.022271,350.4264,49.32133,0.2934513
3.031704,350.4319,49.33156,0.2955953
3.042695,350.4392,49.3362,0.2809159
3.055403,350.4397,49.34346,0.2816531
3.065119,350.4394,49.34212,0.2803133
3.076183,350.4489,49.33734,0.2949832
3.08897,350.3955,49.32502,0.2626763
3.098745,350.4422,49.34005,0.2920636
3.109566,350.4406,49.33902,0.2828643
3.12428,350.427,49.34275,0.2878591
3.131933,350.4371,49.33995,0.281291
3.143084,350.4252,49.36938,0.2976833
3.155946,350.4124,49.40491,0.372422
3.165444,350.4077,49.34071,0.313147
3.176501,350.4404,49.31103,0.2728103
3.189924,350.3924,49.36232,0.2936639
3.199192,350.4333,49.33921,0.2856832
3.210172,350.4402,49.36565,0.284414
3.224087,350.4661,49.41868,0.2797299
3.232365,350.4635,49.54276,0.2861622
3.243654,350.421,49.93807,0.2741028
3.256412,350.4076,50.382,0.2738417
3.267485,350.3393,50.89597,0.3120304
3.277231,350.4293,50.93114,0.204539
3.28974,350.5416,51.43211,0.07212161
3.299475,351.0699,51.60035,359.3975
3.310631,351.3824,52.02366,358.7944
3.324002,351.799,52.32116,358.2405
3.333105,351.9244,52.67965,357.7178
3.344593,352.188,53.12042,357.119
3.35774,352.5002,53.56773,356.4444
3.366865,352.7487,54.01985,355.6541
3.378048,353.2111,54.37556,354.7864
3.390776,353.9044,54.66475,353.9467
3.40017,354.8592,54.97931,353.26
3.411147,356.0569,55.13629,352.6066
3.424485,357.5763,55.22645,351.9598
3.433602,359.1014,55.31746,351.2301
3.444636,0.626312,55.22026,350.419
3.457794,2.480148,55.11393,349.6792
3.467258,4.510403,54.8346,348.9691
3.47822,6.493607,54.32826,348.046
3.491577,8.773613,53.86481,347.1326
3.501109,11.22184,53.30759,346.2005
3.51184,13.29805,52.44096,345.4461
3.525106,15.504,51.54867,344.6832
3.534397,18.07046,50.70636,344.2354
3.545363,20.73191,49.79455,343.095
3.55824,23.61221,48.77466,341.9276
3.567977,27.1512,47.41451,340.3975
3.578733,29.72182,44.60427,337.8801
3.592219,32.403,42.38382,335.7733
3.601823,35.4209,39.90367,333.4932
3.612453,37.47633,37.52565,331.1175
3.625525,39.11553,35.37755,328.7263
3.634799,40.45825,33.55355,326.5609
3.6458,41.65954,31.44309,324.0787
3.65907,43.08244,29.27702,321.1929
3.668429,44.75006,26.21728,317.6098
3.679353,46.06727,23.15289,314.147
3.692491,47.33042,19.97369,310.772
3.70181,48.35952,16.87364,307.644
3.7129,49.15669,14.05803,304.818
3.725908,49.78013,11.56674,302.4465
3.735295,50.31854,9.00036,300.086
3.746541,50.79493,6.473231,297.9174
3.759515,51.01332,3.883266,296.0556
3.769968,51.19965,1.503215,294.4196
3.779819,51.38338,-0.6026001,293.1606
3.793586,51.41985,-3.115509,291.9964
3.802482,51.1827,-5.058624,291.3336
3.813551,51.0163,-6.113678,291.1987
3.826962,50.94413,-7.529114,290.4261
3.835792,50.76964,-8.683807,289.8126
3.846949,50.41745,-9.603058,289.3901
3.859812,50.02751,-10.599,288.8917
3.869179,49.64104,-11.4425,288.4146
3.880348,49.32129,-12.20554,287.8923
3.893553,49.02511,-13.11832,287.2686
3.902755,48.72773,-13.77518,286.7936
3.913891,48.5131,-14.595,286.2874
3.927059,48.32626,-15.35339,285.8468
3.936252,48.19816,-16.14743,285.4482
3.947383,48.03621,-16.98276,285.0691
3.960513,47.8958,-17.77496,284.6816
3.97005,47.76602,-18.53827,284.3658
3.980879,47.69174,-19.30246,284.0677
3.994189,47.66317,-20.05313,283.7662
4.003576,47.65047,-20.71884,283.5046
4.014454,47.63516,-21.24185,283.2867
4.028624,47.48924,-21.57407,283.1974
4.036735,47.38354,-21.90042,283.1429
4.047962,47.33242,-22.27005,283.0261
4.062076,47.33947,-22.55206,282.9138
4.071031,47.34423,-23.0191,282.5891
4.08208,47.34962,-23.32175,282.3199
4.095707,47.33626,-23.73016,281.9048
4.104705,47.27395,-24.00494,281.5399
4.115664,47.19915,-24.32538,281.128
4.129546,47.13358,-24.39856,280.8769
4.137911,47.04229,-24.40231,280.6262
4.148755,46.89156,-24.22849,280.4046
4.162302,46.6545,-23.978,280.2508
4.171205,46.32889,-23.65625,280.1789
4.182541,45.97034,-23.28943,280.1972
4.195721,45.72437,-22.93674,280.0974
4.204908,45.5217,-22.64362,279.8367
4.216043,45.22946,-22.26071,279.4945
4.229171,44.81077,-21.90979,279.1208
4.238585,44.3538,-21.58545,278.7274
4.249534,43.95021,-21.26468,278.3355
4.263264,43.61207,-20.95248,277.9942
4.273196,43.25955,-20.7106,277.6349
4.283253,42.88491,-20.52835,277.2391
4.296416,42.57263,-20.49677,276.7583
4.305537,42.30351,-20.38409,276.4085
4.316424,42.01604,-20.3038,276.178
4.330066,41.64414,-20.25534,276.0856
4.33887,41.30616,-20.28635,276.0412
4.350363,41.00514,-20.50009,275.8278
4.363159,40.79016,-20.9903,275.3404
4.372386,40.62775,-21.46378,274.8358
4.383618,40.51288,-21.97693,274.3842
4.397033,40.37643,-22.43256,274.0475
4.405942,40.22958,-22.84485,273.7532
4.417,40.15453,-23.26514,273.4743
4.430847,40.11684,-23.6886,273.1896
4.439705,40.10307,-24.19705,272.7551
4.450469,40.10934,-24.68051,272.2748
4.464869,40.12238,-25.08301,271.8139
4.472991,40.13514,-25.3772,271.3888
4.484052,40.11626,-25.64468,270.9307
4.497511,40.10631,-25.98111,270.3212
4.506357,40.17891,-26.27213,269.7019
4.517719,40.25375,-26.4592,269.192
4.530362,40.29209,-26.5358,268.8013
4.539894,40.33128,-26.51773,268.5176
4.550977,40.4483,-26.44873,268.2447
4.564937,40.59464,-26.28958,268.0082
4.573699,40.69888,-26.06775,267.85
4.584556,40.76051,-25.7919,267.7701
4.598065,40.76106,-25.51678,267.6601
4.607114,40.71346,-25.12433,267.7436
4.621468,40.67936,-24.92075,267.7028
4.62942,40.68428,-24.78171,267.4941
4.640486,40.68493,-24.60461,267.2956
4.653767,40.658,-24.36551,267.2209
4.662839,40.61885,-24.57843,267.0986
4.673892,40.54121,-24.65765,267.6197
4.687489,40.17764,-23.7702,269.0403
4.696316,40.08575,-22.52783,270.406
4.707477,40.11337,-20.99112,271.8562
4.720407,40.14653,-20.349,272.3311
4.729896,40.20237,-19.58307,272.7124
4.740838,40.19246,-18.91141,272.8799
4.754173,40.19044,-18.02814,272.8656
4.7634,39.99297,-17.21185,272.6012
4.775243,39.58665,-16.73563,272.3191
4.787158,38.99832,-16.41681,272.1295
4.796813,38.67601,-16.19083,271.7554
4.808047,38.53474,-15.69617,271.3587
4.821524,38.45209,-15.04803,270.922
4.830462,38.3941,-14.30496,270.5555
4.841921,38.49474,-12.86185,270.6717
4.854512,38.62981,-11.27823,271.0744
4.863837,38.53681,-10.1084,271.0184
4.874802,38.36872,-10.10931,270.4163
4.887684,38.14851,-10.09024,270.0172
4.897304,38.0045,-10.21603,269.6124
4.908534,37.89293,-10.34091,269.1046
4.922336,37.79268,-10.07452,268.8411
4.93093,37.81408,-9.445038,268.7307
4.942111,37.93447,-8.588348,268.7863
4.954856,38.06674,-7.580261,268.9422
4.964536,37.98243,-6.925354,268.8308
4.975531,37.88974,-6.39798,268.5071
4.988753,37.82241,-5.709808,268.1379
4.997901,37.8479,-4.983002,267.7693
5.009332,38.02662,-4.307709,267.214
5.022932,38.12608,-3.826019,266.5222
5.031606,38.28171,-3.424561,265.7514
5.042576,38.42407,-3.007599,265.0211
5.056323,38.51049,-2.616089,264.3336
5.065027,38.65398,-2.25119,263.6281
5.076077,38.79442,-2.10083,262.7497
5.089137,38.9992,-1.884521,261.8345
5.098653,39.47056,-1.407532,261.1921
5.109028,40.11187,-0.8029785,260.7177
5.123406,40.89344,-0.2219849,260.3174
5.131378,41.58531,-0.02487183,259.5092
5.142541,42.20073,0.2289395,258.6602
5.155189,42.96958,0.583378,257.7167
5.165199,43.96792,0.9336318,256.7762
5.176001,45.04564,1.195722,255.8481
5.189128,45.98464,1.790299,255.5544
5.198751,46.6545,1.872606,255.1526
5.209435,47.40314,2.331004,255.1189
5.223783,48.19312,3.010198,255.3357
5.231982,48.77645,2.869826,254.9463
5.243084,49.22752,3.063026,254.5682
5.2563,49.56531,3.046645,254.0216
5.265422,49.95997,3.138983,253.7297
5.277779,50.28836,3.065061,253.3852
5.289907,50.58084,3.247299,253.3205
5.29904,50.92004,3.423634,253.2438
5.310049,51.17904,3.54381,253.0402
5.323933,51.42297,3.87493,253.1055
5.332568,51.77207,4.479629,253.7852
5.343596,51.88474,4.460804,254.0859
5.357235,51.9535,4.147905,254.1881
5.366115,52.03024,4.209745,254.3314
5.377293,52.30343,4.8482,254.7965
5.390454,52.53429,5.460465,255.0036
5.399586,52.76313,5.795907,254.857
5.410866,52.84034,5.541216,254.1782
5.424906,52.68816,5.462422,253.5548
5.433162,52.8246,5.938112,253.5795
5.444202,53.13126,6.50938,253.8182
5.456692,53.44879,7.023896,254.0665
5.466392,53.42453,7.134769,254.002
5.477509,53.15944,7.02002,253.8221
5.490996,52.93153,7.056124,253.6875
5.500122,52.68059,7.614241,253.8672
5.511081,52.16695,8.004458,253.7412
5.524705,51.7746,8.077579,253.6922
5.533931,51.38015,7.975798,253.8127
5.544655,51.15831,8.131981,254.3874
5.557919,50.94538,8.370358,255.2716
5.567256,50.62957,8.512036,255.9167
5.57818,50.16102,8.469672,256.2472
5.591142,49.7415,8.367162,256.335
5.600823,49.53159,8.36589,256.3738
5.611609,49.66462,8.43221,256.2843
5.625443,49.66386,8.656349,256.3318
5.634024,49.66763,8.941172,256.3984
5.645015,49.52863,9.28105,256.5686
5.65798,49.36677,9.551256,256.6865
5.667517,49.26969,9.840468,256.7571
5.678386,49.06715,10.12131,256.7556
5.69199,48.8392,10.40228,256.7826
5.701132,48.71475,10.56275,256.7752
5.712145,48.59398,10.57436,256.6951
5.725574,48.39163,10.45204,256.5533
5.734725,48.25072,10.32022,256.449
5.745929,48.14074,10.04569,256.2966
5.758494,48.09327,9.821442,256.1139
5.768102,48.0523,9.763102,256.0097
5.780131,47.87529,9.593343,255.7242
5.792466,47.70763,9.545695,255.5719
5.801753,47.6189,9.674373,255.5177
5.812664,47.48692,9.689162,255.3266
5.82665,47.42504,9.638838,255.1655
5.835184,47.46214,9.708523,255.194
5.846375,47.38626,9.544466,255.022
5.858935,47.31622,9.236196,254.6234
5.868328,47.42464,8.996717,254.1542
5.879513,47.48125,8.816779,253.7079
5.892334,47.50036,8.611786,253.1771
5.902249,47.60326,8.446185,252.6249
5.913178,47.77766,8.318591,252.0543
5.926058,47.87924,8.139812,251.3072
5.935483,47.99702,8.07744,250.4128
5.946513,48.1366,8.261826,249.636
5.959353,48.42633,8.48118,249.0478
5.968877,48.89585,8.706299,248.5005
5.980133,49.50877,9.050343,247.9332
5.993608,50.20653,9.543795,247.3327
6.002939,50.89138,10.28803,246.846
6.013799,51.61371,11.13241,246.7477
6.026734,52.1786,11.43165,246.4324
6.036269,52.53213,11.37166,245.8301
6.047276,52.95923,10.64704,244.7186
6.060688,53.58473,9.747209,243.2566
6.069741,54.36663,9.265959,242.0763
6.080632,55.07996,9.100059,241.1679
6.09457,55.93795,9.228492,240.689
6.103336,56.67057,9.013064,240.0256
6.114348,57.10984,8.24979,238.8505
6.127918,57.50149,7.158619,237.3952
6.136858,57.72787,6.046204,236.1519
6.147714,57.70218,5.002734,235.1586
6.16223,57.71002,3.213966,233.7335
6.170327,57.58707,2.079388,232.7925
6.181597,57.22476,1.837076,232.672
6.194649,57.03532,1.858657,232.667
6.203907,56.92732,1.594604,232.2411
6.214674,56.95634,1.474531,231.7616
6.22813,56.98577,1.582309,231.399
6.237278,56.75468,1.84977,231.1671
6.248507,56.51707,2.211837,231.1779
6.262082,56.23081,2.478794,231.1819
6.270838,55.87331,2.549752,231.0641
6.283245,55.24314,2.201412,230.5657
6.295594,54.3755,1.49718,229.6109
6.304416,53.79149,1.352287,229.199
6.315518,52.93417,1.103013,228.7719
6.3288,51.64249,0.9526296,228.5314
6.337593,50.94844,1.097796,228.7281
6.348667,51.39604,0.6699868,228.2036
6.362639,51.66066,0.209902,227.2382
6.371224,52.3095,-0.6987915,225.6862
6.382487,52.38603,-1.881836,224.2005
6.395624,51.52184,-2.884216,223.5249
6.404946,51.07952,-3.61087,223.2773
6.416365,51.07132,-4.471649,222.8653
6.429142,51.27597,-4.880463,222.7252
6.438481,51.49652,-5.035248,222.8563
6.449469,51.65612,-4.685883,223.509
6.463567,51.76628,-4.615234,223.595
6.472107,52.72403,-5.542938,222.9432
6.482862,51.65376,-5.730499,222.8905
6.496697,50.28124,-6.019043,222.4225
6.505476,49.38404,-6.490448,221.7612
6.516501,48.79274,-6.729126,221.1301
6.530076,48.37752,-7.197998,220.2339
6.538751,48.17126,-7.538544,219.3768
6.549809,48.14315,-7.780487,218.3128
6.563622,48.22393,-8.157959,217.1096
6.572317,48.28399,-8.821198,215.9848
6.583757,48.15395,-9.493988,215.1095
6.596478,48.33581,-10.07275,214.2177
6.606328,48.30516,-10.5358,213.3328
6.617026,48.08379,-10.47086,212.8394
6.630116,49.21454,-10.67395,211.839
6.639355,49.28693,-10.95453,211.1088
6.650561,49.32825,-10.64124,211.1397
6.664689,49.41641,-10.77133,211.1603
6.673018,49.9191,-10.82446,211.3126
6.684008,49.89495,-10.93048,211.4087
6.696926,50.0094,-10.81262,211.7282
6.706349,49.99538,-10.56158,212.1638
6.717452,49.5901,-10.32541,212.414
6.730907,49.20849,-10.30338,212.291
6.739783,48.65808,-10.21469,212.2222
6.751159,48.06749,-10.14468,212.1855
6.764634,47.42136,-10.21518,212.0774
6.773345,46.83375,-10.32834,211.8274
6.785782,46.16038,-10.59299,211.3088
6.797522,45.23268,-11.10318,210.7317
6.807343,44.35456,-12.83267,209.274
6.817712,44.38448,-14.41528,208.1954
6.831812,44.33599,-15.54468,207.2666
6.840193,43.57674,-16.8894,206.3206
6.851258,41.91916,-18.38116,205.6711
6.868512,40.6683,-19.82611,204.8782
6.873374,40.7659,-21.54623,203.2594
6.884603,40.89368,-23.03632,202.0836
6.897334,41.11486,-23.87894,201.4676
6.907821,41.37263,-24.25156,201.1131
6.920462,41.64551,-24.58936,200.8746
6.929286,41.97956,-24.53372,200.9875
6.94053,42.15873,-24.4281,201.075
6.953228,42.25512,-24.45932,200.9631
6.963289,42.38633,-24.47192,200.7957
6.974097,42.49137,-24.21481,200.7775
6.986938,42.68074,-24.0195,200.6683
6.996584,42.90818,-24.01285,200.3954
7.007594,43.08308,-23.90274,200.1454
7.021029,43.30118,-23.71811,200.0144
7.030101,43.58014,-23.43594,200.0052
7.040995,43.87353,-23.17255,200.0487
7.0541,44.17573,-23.01547,199.9939
7.06375,44.36598,-22.85184,200.0573
7.07463,44.54716,-22.83862,200.0458
7.087816,44.74304,-22.86365,200.0696
7.097472,44.92631,-23.36655,199.7466
7.108207,45.15147,-23.68445,199.638
7.121753,45.8088,-24.08267,199.4245
7.130562,46.62337,-24.47665,199.0131
7.141767,47.19096,-24.93341,198.5953
7.154569,47.68963,-25.14929,198.2251
7.164308,47.97343,-25.23813,197.9324
7.175217,48.03121,-25.25156,197.7024
7.188835,48.11864,-25.41327,197.2698
7.197548,48.41333,-25.74789,196.664
7.208489,48.80348,-26.12521,196.0447
7.221569,49.11179,-26.42307,195.6343
7.230951,49.2935,-26.61023,195.4203
7.242291,49.44983,-26.70795,195.232
7.255701,49.58767,-26.74945,195.0988
7.265422,49.66524,-26.77399,195.0111
7.275879,49.65718,-26.73679,195.0237
7.290898,49.62527,-26.58395,195.1464
7.29821,49.57676,-26.50684,195.1914
7.309045,49.47463,-26.45035,195.1862
7.322642,49.39704,-26.46512,195.1069
7.331553,49.27311,-26.52902,195.0243
7.342827,49.19736,-26.72061,194.8774
7.355815,49.16788,-26.93881,194.6873
7.365316,49.12371,-27.29337,194.3793
7.376289,48.96854,-27.36581,194.3353
7.389485,48.24923,-26.55484,195.3786
7.398668,47.51316,-25.21268,197.0199
7.409805,47.2776,-24.95679,197.7051
7.423079,46.98314,-25.44318,197.9335
7.432405,47.22535,-25.90189,197.8813
7.443412,47.21692,-25.90671,198.0188
7.456495,47.39833,-26.22253,197.6952
7.465806,47.49643,-26.41974,197.5109
7.476924,47.55283,-26.33151,197.4372
7.489714,47.27345,-26.41364,197.3593
7.499328,47.01941,-26.1438,197.5905
7.510724,46.8101,-25.84698,197.9007
7.523915,46.48521,-25.60959,198.2025
7.532807,46.26573,-25.76563,198.1393
7.544127,46.08477,-25.73956,198.1745
7.55711,45.89006,-25.55951,198.3986
7.566637,45.72408,-25.23999,198.8836
7.577376,45.61295,-24.9939,199.2094
7.590671,45.56363,-24.67816,199.5571
7.599855,45.4714,-24.41589,199.8513
7.610856,45.3787,-24.34186,199.9902
7.624491,45.35023,-24.32629,200.0311
7.633176,45.30935,-24.33646,200.0826
7.644588,45.32742,-24.40942,200.0301
7.657354,45.42036,-24.49036,199.9053
7.666677,45.58434,-24.60028,199.535
7.677938,45.67816,-24.81329,199.0176
7.690926,45.68842,-25.05975,198.4734
7.700324,45.457,-25.29089,198.0627
7.711574,45.09101,-25.0918,198.1909
7.724968,45.09154,-24.56287,198.5966
7.733861,45.47083,-24.28369,198.6701
7.745353,45.63037,-24.59732,198.0737
7.757881,45.50893,-24.70068,197.8214
7.767893,45.5239,-24.57141,197.973
7.778365,45.69371,-24.3161,198.1272
7.79283,45.73755,-24.30133,198.1118
7.800788,45.69205,-24.314,198.0747
7.811829,45.64185,-24.27734,198.1131
7.826485,45.64819,-24.21365,198.1336
7.834179,45.65313,-24.28973,198.0883
7.845469,45.6058,-24.42944,197.9615
7.857973,45.55086,-24.44437,197.8569
7.867615,45.46337,-24.48621,197.7212
7.878772,45.41778,-24.56189,197.5461
7.891512,45.44338,-24.70917,197.208
7.901429,45.36133,-24.91812,196.7426
7.912494,45.22139,-25.12897,196.2426
7.925668,45.12257,-25.47302,195.6026
7.93476,45.17983,-25.8696,195.061
7.946,45.31438,-26.19162,194.6432
7.958923,45.43791,-26.57507,194.3857
7.968269,45.51636,-26.97589,194.1018
7.979599,45.66774,-27.29184,193.753
7.992599,45.81089,-27.54181,193.3695
8.002202,45.76207,-27.76865,192.9666
8.013136,45.75355,-27.82504,192.7
8.026112,45.71331,-27.73969,192.6605
8.03546,45.68856,-27.53076,192.8312
8.046412,45.65421,-27.30426,193.0518
8.059272,45.60597,-27.06998,193.3423
8.068833,45.624,-26.8475,193.5003
8.080156,45.63941,-26.78018,193.4945
8.093472,45.6978,-26.75366,193.3818
8.102453,45.86352,-26.45679,193.4968
8.113407,46.18613,-25.97137,193.899
8.126835,46.516,-25.53745,194.3964
8.135861,46.51029,-25.14078,194.8575
8.147035,46.2532,-24.67694,195.0764
8.15976,46.43293,-24.78601,194.3847
8.169811,46.77478,-25.14734,193.5737
8.18056,46.82931,-25.67896,193.1428
8.193579,46.8395,-25.58917,193.1949
8.203142,47.01948,-25.30698,193.4358
8.213925,47.09832,-25.10999,193.6493
8.227064,47.21607,-24.97729,193.7915
8.236377,47.3872,-24.87302,193.7095
8.247445,47.44385,-24.88419,193.4004
8.260605,47.50378,-25.00049,193.0126
8.27,47.53484,-25.11975,192.6802
8.280946,47.51081,-25.10452,192.4678
8.295732,47.43824,-24.88602,192.5166
8.303598,47.37703,-24.63922,192.6314
8.314756,47.4986,-24.51294,192.6525
8.328141,47.67307,-24.52972,192.4758
8.337174,47.67954,-24.47699,192.3237
8.348266,47.77748,-24.3768,192.1336
8.361813,47.88607,-24.3356,191.9393
8.370855,47.93624,-24.16522,191.9552
8.381577,47.92109,-23.91443,192.1069
8.394904,47.85308,-23.66174,192.2393
8.404138,47.75947,-23.58914,192.1934
8.415178,47.64174,-23.61627,192.0931
8.42851,47.55726,-23.75269,191.9135
8.437572,47.44213,-23.92694,191.7182
8.448656,47.40144,-23.95679,191.6044
8.462244,47.42866,-24.004,191.5548
8.471163,47.44427,-24.06287,191.467
8.482212,47.42086,-24.20529,191.1991
8.495667,47.38297,-24.5502,190.7703
8.504711,47.31355,-24.90469,190.3601
8.515425,47.25174,-25.14523,190.0899
8.529241,47.22616,-25.24976,189.9458
8.537897,47.21286,-25.31946,189.8594
8.549207,47.23225,-25.39017,189.7261
8.562697,47.24596,-25.49457,189.5514
8.571399,47.29823,-25.60025,189.3394
8.582549,47.32114,-25.74506,189.1248
8.595544,47.28684,-25.84109,189.0206
8.605237,47.18562,-25.9194,188.9707
8.616199,47.04461,-25.90817,188.9646
8.629186,46.97954,-25.95291,188.9056
8.63846,46.83307,-26.10077,188.8644
8.64943,46.72762,-26.25436,188.8872
8.663493,46.75705,-26.39539,188.9204
8.672247,46.94395,-26.4751,189.0327
8.683508,47.26837,-26.61295,189.2206
8.696003,47.47496,-26.61826,189.476
8.705494,47.62894,-26.65649,189.6155
8.716506,47.75602,-26.80121,189.5886
8.729779,47.77117,-27.03497,189.4539
8.739247,47.82799,-27.17804,189.2272
8.750428,47.96942,-27.35477,189.0395
8.76425,48.03543,-27.6687,188.7477
8.772642,48.04556,-28.13794,188.3631
8.783642,47.94247,-28.51147,188.1292
8.79763,47.67057,-28.77496,188.2876
8.806149,47.39727,-28.93427,188.4043
8.817231,47.17187,-29.16669,188.3749
8.831448,46.91384,-29.41821,188.3153
8.840099,46.67696,-29.59644,188.1695
8.851264,46.47049,-29.85147,187.823
8.864951,46.24416,-30.22803,187.3741
8.873494,46.18829,-30.42615,187.0577
8.884615,46.16752,-30.26105,186.9788
8.897459,46.03162,-29.95566,187.0843
8.907306,45.86306,-30.11319,186.8949
8.92053,45.78152,-30.16556,186.7568
8.929482,45.64909,-30.36951,186.5003
8.940448,45.32015,-30.62384,186.4535
8.95334,45.07805,-30.5787,186.3218
8.963196,44.84635,-30.5708,186.0989
8.974112,44.37656,-30.64529,185.7902
8.987202,43.96933,-30.8544,185.402
8.996471,43.61898,-30.98947,185.1905
9.007744,43.37529,-31.1394,185.0536
9.020652,43.24666,-31.53799,184.7744
9.030134,43.07839,-31.96976,184.4512
9.041128,42.77659,-31.98083,184.7341
9.054099,42.24566,-31.67007,185.1227
9.063608,41.80712,-31.56418,185.1197
9.074555,41.56335,-31.84308,184.623
9.088349,41.33719,-32.18024,184.3248
9.096973,41.48251,-32.233,184.3339
9.108126,42.06974,-31.90521,184.3962
9.122139,42.62395,-31.81619,184.0611
9.131258,43.19046,-31.77972,183.7159
9.141612,43.46148,-31.74426,183.4977
9.1553,43.67273,-31.70923,183.148
9.164075,43.8545,-31.91461,182.7557
9.174952,44.04951,-31.91318,182.585
9.188278,44.53075,-31.97101,182.4684
9.197353,45.32738,-32.01328,182.3505
9.208563,46.3755,-32.15527,182.1964
9.222094,47.43112,-32.30307,182.0451
9.231385,48.55611,-32.33524,182.0515
9.242188,49.59965,-32.32462,182.1181
9.255584,50.65631,-32.43393,182.1452
9.264504,51.64459,-32.5343,182.169
9.275695,52.53102,-32.73026,182.0439
9.288893,53.48244,-32.79526,182.0865
9.299397,54.63334,-32.8848,182.0947
9.309234,55.75852,-32.86703,182.1907
9.322869,56.85791,-32.96503,182.2058
9.331771,58.09097,-32.81686,182.5422
9.342607,59.44107,-32.60217,183.0957
9.355728,60.9322,-32.3992,183.8442
9.365405,62.75485,-31.789,185.0207
9.376163,64.71468,-30.62616,186.6904
9.389174,66.47498,-29.05978,188.7658
9.398615,67.90272,-27.19827,191.1775
9.40977,69.00078,-25.13635,193.6838
9.42298,69.80475,-23.70236,195.2725
9.432126,71.16151,-22.54904,196.5407
9.443892,72.43499,-21.83408,197.1272
9.45632,73.21092,-20.71881,198.1823
9.465704,73.8735,-20.02951,198.7375
9.476538,74.47646,-19.93457,198.5209
9.489806,74.95215,-20.38684,197.6435
9.499742,75.58919,-19.85925,197.9792
9.510475,76.72925,-18.90591,198.7283
9.523873,78.31013,-17.61987,199.7462
9.532595,80.19164,-14.82825,202.363
9.543869,81.79694,-11.68991,205.2568
9.556521,83.20151,-7.554688,209.1954
9.56635,84.4184,-1.538086,215.029
9.577853,85.5519,9.741222,226.1687
9.590916,86.49474,28.31571,244.6052
9.599874,86.96514,56.7398,272.8817
9.6106,86.3568,86.0222,302.0902
9.624047,85.36917,104.9771,320.9103
9.632973,84.31094,116.0048,331.722
9.6443,82.89485,121.5062,337.1446
9.657207,81.29043,125.6511,341.2159
9.666935,79.66844,128.9782,344.5455
9.678148,78.01247,131.288,346.9115
9.690701,76.29379,133.2459,348.9795
9.700114,74.58117,134.7373,350.5728
9.711061,72.85352,135.6508,351.698
9.72411,71.06075,136.2425,352.509
9.733508,69.30467,136.5684,353.0918
9.744694,67.54354,136.9374,353.62
9.758186,65.88263,137.2641,354.0287
9.767427,64.28613,137.6563,354.493
9.778006,62.57708,137.968,354.9078
9.791036,60.62737,138.2789,355.3381
9.804071,58.66574,138.4181,355.7032
9.812311,56.81636,138.5737,356.0061
9.825776,54.98233,138.9594,356.4554
9.833931,53.28404,139.4108,356.8355
9.844983,51.46947,139.7629,357.1752
9.857995,49.24455,140.1397,357.5107
9.867261,46.86422,140.519,357.8214
9.878393,44.72437,140.7803,358.0378
9.891741,42.68682,141.033,358.3359
9.90091,40.86184,141.3155,358.6237
9.926283,39.46024,141.5102,358.8311
9.934424,36.05323,141.7459,359.2845
9.945493,33.83897,141.9203,359.4848
9.95813,31.63233,141.9305,359.6169
9.967765,29.74648,141.8998,359.7243
9.978878,28.11284,142.0483,359.7507
9.992521,27.56715,142.2498,359.9472
10.00152,27.10021,142.4242,0.2795313
10.01253,26.59675,142.3684,0.3784493
10.02644,25.62697,142.4146,0.5972865
10.03509,24.69294,142.4742,0.7041359
10.04627,23.87164,142.5499,0.7461902
10.05928,23.0158,142.4878,0.9192738
10.06853,22.11268,142.5147,1.085378
10.08004,21.18327,142.6305,1.334246
10.09322,20.0974,142.7473,1.545149
10.10208,19.31345,142.8848,1.716799
10.11323,19.13012,143.0195,2.063644
10.12634,18.99048,143.1254,2.331781
10.13587,19.39256,143.3974,2.587374
10.1467,20.08857,143.5861,2.90712
10.16027,20.82718,143.8205,3.10046
10.16935,21.5383,144.0823,3.243493
10.18079,21.95942,144.3551,3.36447
10.19322,22.18688,144.7456,3.570467
10.20283,22.11185,145.0644,3.767266
10.21359,21.85757,145.3522,3.837386
10.22656,21.66078,145.4295,3.807976
10.23641,21.63461,145.5151,3.780857
10.24739,21.88309,145.4928,3.766711
10.2609,22.28828,145.5058,3.600471
10.26966,22.52561,145.4749,3.506053
10.28075,22.62224,145.4181,3.503643
10.29383,22.69485,145.43,3.530359
10.30326,22.73316,145.4612,3.518306
10.3152,22.88865,145.468,3.509358
10.32747,23.10185,145.5638,3.560517
10.33644,23.41423,145.6566,3.583327
10.34768,23.67248,145.693,3.545487
10.36143,23.90554,145.7496,3.492004
10.37027,24.12817,145.7797,3.405745
10.38124,24.1821,145.816,3.399399
10.3947,24.26516,145.8905,3.369801
10.40457,24.54671,146.0335,3.37492
10.41474,24.88512,146.1378,3.331639
10.42809,25.18367,146.2546,3.286392
10.43739,25.23968,146.3681,3.341292
10.44823,25.44254,146.5452,3.517217
10.46237,25.81018,146.6678,3.597946
10.47075,26.5269,146.7904,3.65363
10.48179,27.68517,146.9233,3.904312
10.49531,28.38894,146.8501,4.037434
10.50421,28.74055,146.587,3.827333
10.51535,29.16517,146.4098,3.381933
10.52865,30.00137,146.2818,3.243177
10.53832,30.95278,145.8729,2.850407
10.54876,31.77759,146.2744,3.188961
10.56292,32.93615,145.6579,2.90289
10.57108,33.42001,145.8183,3.146915
10.58225,33.96987,145.4398,2.776335
10.59544,34.33724,145.3673,3.046066
10.60452,35.45053,145.1313,2.765813
10.61547,35.97049,144.9324,2.284262
10.62871,36.37698,144.9486,1.978266
10.63813,37.0398,145.0343,1.727895
10.64941,37.68134,144.7636,1.158568
10.66305,38.26669,144.5422,0.7432531
10.67151,38.58804,144.4914,0.5021076
10.68275,38.82987,144.5983,0.4764701
10.69602,39.09138,144.7306,0.3779466
10.70546,39.46819,144.794,0.2552866
10.71618,39.59649,144.8814,0.2299931
10.7294,39.91898,145.0552,0.349029
10.7388,39.86408,144.9191,0.1472168
10.74982,40.10674,144.7925,359.8103
10.76343,40.18203,144.8197,359.698
10.77223,40.3269,144.7793,359.5168
10.7835,40.62739,144.6934,359.3197
10.79656,40.82176,144.5546,359.1374
10.80583,41.06002,144.4443,359.0019
10.81807,41.28828,144.4539,359.0427
10.83059,41.36636,144.4846,359.1208
10.83935,41.35633,144.4873,359.2521
10.85028,41.44235,144.4664,359.3682
10.86367,41.56176,144.4799,359.4395
10.87255,41.482,144.554,359.6014
10.8836,41.4634,144.7085,359.7438
10.89696,41.5896,144.8726,359.958
10.90688,41.72792,145.0183,0.1795457
10.91743,41.71035,145.0364,0.4043609
10.93014,41.82741,144.9216,0.4902344
10.93963,42.57789,144.787,0.606051
10.95068,42.2605,144.8769,0.672081
10.96438,41.47145,144.9693,0.3005108
10.97312,41.03351,145.5187,0.6086771
10.98448,40.54422,145.4948,0.8473964
10.99761,40.66524,145.7073,1.02256
11.0069,40.87685,145.7223,1.102246
11.01821,41.22649,145.5197,0.8760511
11.03082,41.4267,145.2379,0.6241882
11.04078,41.46723,144.9919,0.5194327
11.0533,41.42638,144.6473,0.3140117
11.06268,41.41353,144.5417,0.1914347
11.07386,41.36805,144.6342,0.1574731
11.08689,41.33227,144.7595,0.179854
11.0964,41.38915,144.7598,0.1316686
11.10725,41.44438,144.6994,0.02637865
11.12104,41.48187,144.7062,359.9656
11.13018,41.52735,144.6417,359.8354
11.14102,41.68832,144.5652,359.7727
11.1542,41.7577,144.5592,359.7777
11.1632,41.83131,144.531,359.7682
11.1746,41.89202,144.514,359.7646
11.18773,41.93467,144.4822,359.7522
11.19669,41.97638,144.4215,359.7278
11.20773,42.03344,144.3779,359.7205
11.22063,42.0966,144.3637,359.6846
11.23006,42.17378,144.2533,359.4913
11.24117,42.2949,144.2183,359.4552
11.25382,42.38155,144.1894,359.4526
11.26383,42.39741,144.1749,359.4251
11.27474,42.37669,144.1423,359.4033
11.28736,42.30926,144.1319,359.3994
11.2969,42.31081,144.1192,359.4217
11.30806,42.30135,144.054,359.4656
11.32306,42.2688,143.9686,359.4932
11.33126,42.22514,143.8826,359.5504
11.3418,42.36425,143.8223,359.0995
11.35528,42.51641,143.9214,358.6519
11.36453,42.49202,143.8314,358.2061
11.37548,42.59512,143.5897,357.7944
11.38891,42.05033,143.7769,357.7422
11.39823,41.75742,143.6926,358.0299
11.40884,41.67122,143.8329,358.3887
11.42192,41.33718,143.9504,358.2805
11.43126,41.36108,144.0474,358.1548
11.44252,41.55284,144.2364,357.921
11.45537,41.68879,144.3719,357.7474
11.46459,41.64405,144.4289,357.7617
11.47567,41.90631,144.2558,358.2155
11.48929,42.14252,144.1151,358.3753
11.49813,42.33789,143.8764,358.3156
11.50913,42.42503,143.7744,358.2057
11.52304,42.35383,143.8483,358.1433
11.53183,42.21038,143.9019,358.0937
11.54322,42.12038,144.0174,358.1279
11.55686,42.14006,144.0803,358.1343
11.56537,42.27876,144.0298,358.1412
11.5767,42.38182,143.9867,358.2611
11.58916,42.42229,144.002,358.214
11.59864,42.33671,143.8669,357.9211
11.60974,42.37999,143.8762,357.8481
11.62346,42.0875,143.7892,357.9923
11.63241,42.17546,143.7139,358.123
11.64384,42.24719,143.6399,358.0243
11.65692,42.29843,143.5544,358.0505
11.66738,42.41689,143.4796,358.0892
11.67696,42.49517,143.2966,358.0231
11.68953,42.54241,143.1116,358.0018
11.69941,42.60926,142.9068,357.9521
11.71054,42.67469,142.7063,357.8633
11.72411,42.75673,142.5212,357.7686
11.73298,42.7384,142.2882,357.6885
11.74416,42.65825,142.0365,357.7452
11.75704,42.51697,141.831,357.7464
11.76651,42.3249,141.5971,357.6451
11.77751,42.22277,141.3002,357.4547
11.79047,42.06277,141.0087,357.3491
11.80048,41.98083,140.7626,357.2353
11.81117,41.81967,140.4214,357.0757
11.82697,41.6844,140.0534,357.0379
11.83321,41.41016,139.5533,356.9659
11.84441,41.13294,138.9352,356.8389
11.85688,40.82727,138.3593,356.7917
11.86651,40.52818,137.7502,356.6938
11.87772,40.1833,137.1506,356.662
11.89035,39.84105,136.5108,356.5792
11.90026,39.54884,135.9005,356.5643
11.91157,39.09939,135.1715,356.4585
11.92483,38.64921,134.478,356.3643
11.93351,38.18624,133.581,356.2467
11.94461,37.70721,132.5773,356.205
11.95799,37.21577,131.5726,355.9923
11.96718,36.81693,130.3925,355.8044
11.9784,36.34032,129.0188,355.5482
11.99166,35.59024,127.6057,355.1402
12.00088,35.0416,126.2577,354.8963
12.01178,34.20779,124.8222,354.682
12.02526,33.46478,123.4363,354.4774
12.0344,32.69395,122.1501,354.1887
12.04546,32.08745,120.8999,353.9637
12.05866,31.41704,119.6626,353.8714
12.06781,30.84293,118.3018,353.7323
12.07895,30.07193,117.022,353.6277
12.09246,29.51624,115.7018,353.4985
12.10182,28.84292,114.3054,353.5406
12.11269,28.24816,112.9188,353.5323
12.12541,27.36124,111.4975,353.3694
12.13503,26.70224,110.0077,353.2655
12.14601,26.05501,108.4805,353.1265
12.15938,25.43652,106.9795,353.0731
12.16848,24.80716,105.4962,353.0963
12.17935,24.22403,103.9703,353.095
12.19281,23.64625,102.4091,353.0728
12.20186,23.0428,100.7517,353.064
12.21293,22.47072,99.09812,353.0155
12.226,21.90309,97.48792,352.974
12.23584,21.35431,95.84438,352.9193
12.24659,20.9506,94.31714,352.8335
12.25936,20.60525,92.83614,352.7801
12.26935,20.23034,91.36208,352.6836
12.27977,19.90168,89.93628,352.5699
12.29358,19.58187,88.58527,352.5202
12.30243,19.30868,87.21363,352.4697
12.31351,19.07387,85.93634,352.3968
12.32789,18.90607,84.74899,352.3637
12.33611,18.72124,83.55098,352.3647
12.34688,18.59793,82.44801,352.3028
12.36076,18.5041,81.43889,352.2682
12.36944,18.44078,80.5014,352.2563
12.38056,18.45173,79.66709,352.2099
12.39332,18.43772,78.89947,352.1323
12.40422,18.45897,78.21143,352.1309
12.41394,18.46216,77.60159,352.1474
12.42718,18.49157,77.10403,352.1483
12.43657,18.40697,76.69809,352.1366
12.44734,18.40675,76.45548,352.183
12.46045,18.41009,76.14268,352.2583
12.46975,18.594,75.94002,352.4574
12.48148,18.76558,75.82585,352.5954
12.49445,18.89011,75.79054,352.6508
12.50364,19.09855,75.82745,352.7658
12.51467,19.47188,75.79182,352.7626
12.52826,19.64142,75.85952,352.8098
12.53683,19.81744,75.9934,352.8908
12.54828,19.92403,76.45184,352.8611
12.56173,20.0849,76.86984,352.8362
12.5704,20.10596,77.47115,352.9499
12.58177,20.34955,78.06937,353.2864
12.59538,20.7568,79.07462,353.1877
12.60413,20.9256,80.07124,353.0428
12.61506,21.09338,81.52365,353.2667
12.62825,21.43688,83.3715,353.6049
12.63819,21.83163,85.39486,353.5993
12.64857,21.57851,87.31001,353.3909
12.66219,21.40228,88.4414,353.7689
12.67103,20.45545,89.67284,354.4071
12.68202,19.93669,90.83115,354.9499
12.69552,19.55683,92.29071,355.3125
12.70447,18.90209,93.56859,355.7809
12.71556,18.82226,94.1266,356.08
12.72902,18.44215,95.29727,356.4417
12.73842,17.58482,96.00399,356.7997
12.74904,16.86698,96.66285,357.1306
12.7626,16.64854,97.55678,357.4921
12.77134,15.43779,98.56724,357.6959
12.78246,14.31913,100.052,358.0156
12.79534,12.66025,101.8261,358.2116
12.80565,11.08941,103.572,358.5098
12.81632,10.95669,105.7186,358.2704
12.83101,11.33455,106.899,358.4667
12.83856,11.19105,107.9178,358.8861
12.84962,10.74776,108.9296,359.4205
12.8628,10.03526,110.0163,359.9316
12.87178,9.450828,111.0797,0.4304425
12.8831,8.931808,112.2432,0.7317334
12.89594,8.512765,113.4173,0.9649917
12.90556,8.026786,114.4865,0.9848132
12.91654,7.599966,115.4212,0.9384422
12.92988,7.803578,116.2584,0.9903488
12.93911,8.258789,117.2175,1.137295
12.95019,8.86845,118.1669,1.298544
12.96406,9.157584,119.1998,1.446688
12.9727,9.546098,119.9413,1.314694
12.98382,10.06178,120.8773,1.250369
12.99721,10.73364,121.8767,1.145996
13.00599,11.35694,122.7014,0.9138958
13.01721,12.06805,123.3113,0.4515273
13.03014,12.83661,123.1766,359.7643
13.03944,13.70795,123.5925,359.4673
13.05086,14.37529,123.973,359.1611
13.06456,15.38724,124.231,358.8697
13.07312,16.19144,123.9153,358.5341
13.08414,17.58862,123.5836,358.3001
13.09757,19.07416,123.2793,357.9011
13.10692,21.2032,122.813,357.3701
13.11778,23.59007,122.3861,356.7139
13.13073,26.47996,121.9613,355.8068
13.14038,29.01796,121.8629,355.1244
13.15136,31.9586,121.636,354.4536
13.16515,34.89275,121.4791,354.0532
13.17377,37.43364,121.2412,353.6588
13.18657,39.80787,120.9033,353.1999
13.19612,42.22557,120.6233,352.7162
13.20732,44.64601,120.5177,352.1327
13.22024,47.09199,120.3446,351.5867
13.22976,49.14833,120.0643,351.0413
13.2407,51.45476,119.7839,350.3759
13.2538,53.91966,119.3957,349.5405
13.26322,56.33388,118.7341,348.4739
13.27441,58.7351,117.8309,347.1908
13.28737,61.07331,116.7979,345.8218
13.29678,63.39213,115.5387,344.3897
13.30808,65.88187,113.9703,342.4943
13.32149,68.22399,112.189,340.4645
13.33149,70.36916,109.504,337.6499
13.34138,72.24525,106.4184,334.3622
13.35455,74.01554,102.8348,330.5363
13.36394,75.57098,98.24506,325.7188
13.37486,77.03058,92.57943,319.7821
13.38821,78.3685,85.55206,312.5166
13.39737,79.53722,77.37094,304.116
13.40831,80.24438,67.28945,293.8659
13.42212,80.52195,54.98602,281.5843
13.43078,80.31276,43.19865,269.8769
13.44182,79.77422,32.37517,259.1197
13.45462,78.90197,23.11525,249.8916
13.46465,77.92619,15.98801,242.6434
13.47503,76.97229,10.42551,236.7268
13.48872,76.12803,6.650251,232.5065
13.49794,75.03278,2.482233,228.1075
13.5091,73.53522,-1.50415,223.9551
13.5228,71.89479,-5.143463,220.0907
13.53135,70.27914,-7.762238,217.0436
13.54238,68.78825,-9.727081,214.5886
13.55524,66.99491,-11.75369,211.9427
13.56507,65.05486,-13.41602,209.7686
13.57582,63.18146,-14.64316,208.1711
13.59258,61.57839,-15.51215,206.7954
13.59818,59.92303,-16.21729,205.5701
13.60932,58.27446,-16.85181,204.42
13.62287,56.61493,-17.49997,203.305
13.63148,54.87386,-18.21265,202.1358
13.6429,53.02607,-18.87482,200.9621
13.65597,51.18556,-19.23203,200.0972
13.6655,49.51533,-19.34778,199.439
13.67652,47.75432,-19.32986,198.9207
13.68942,46.33901,-19.24274,198.4889
13.69915,44.60211,-18.98978,197.895
13.71051,43.27899,-18.55219,197.4249
13.72361,42.23082,-18.45325,196.6888
13.73256,41.14665,-18.2002,196.1004
13.74348,40.16902,-17.80902,195.7292
13.75643,39.10667,-17.49506,195.3612
13.76603,38.28371,-17.18747,195.0231
13.77745,37.46147,-16.96442,194.5534
13.79002,36.61383,-16.87863,193.8873
13.79984,35.74232,-16.79291,193.2282
13.81089,35.11989,-16.57132,192.5368
13.82523,34.78131,-16.20306,192.0096
13.83464,34.80538,-15.99036,191.3322
13.84467,34.70005,-15.61179,190.8917
13.85663,34.48997,-15.10599,190.6135
13.86615,34.27253,-14.63937,190.1353
13.87738,34.03405,-14.19693,189.7156
13.89005,33.72838,-13.78427,189.2607
13.89993,33.51974,-13.35065,188.7186
13.911,33.41431,-12.94388,188.1869
13.92419,33.30016,-12.4707,187.7356
13.93323,33.02941,-11.92435,187.3245
13.94458,32.49224,-11.64056,186.8956
13.95711,32.13649,-11.05634,186.6229
13.96685,31.74299,-10.41492,186.4036
13.97804,31.4161,-9.826508,186.3351
13.99126,31.28537,-9.264893,186.1971
14.00051,30.99623,-8.722229,186.018
14.01162,30.65872,-8.276062,185.8756
14.02564,30.57945,-7.783325,185.8068
14.0342,30.79477,-7.291687,185.7458
14.04516,31.06665,-6.893646,185.7206
14.0578,31.26776,-6.609039,185.6768
14.06737,31.33416,-6.315735,185.4601
14.07849,31.37342,-5.884949,185.4171
14.09142,31.29926,-5.407471,185.3946
14.10107,31.48991,-5.00943,185.2755
14.11195,31.29962,-4.469482,185.2142
14.1263,31.11806,-4.115021,184.9615
14.13475,31.26905,-3.746246,184.734
14.14604,31.71832,-3.358398,184.6562
14.15963,32.08648,-3.003845,184.6081
14.16838,32.43782,-2.664246,184.657
14.17902,32.71334,-2.414459,184.6768
14.19245,32.9692,-2.1539,184.7019
14.20144,33.22828,-1.935089,184.7576
14.21254,33.39351,-1.839539,184.6721
14.22582,33.27067,-1.84549,184.3887
14.23503,32.97038,-1.857117,184.0394
14.246,32.40815,-1.9599,183.6458
14.2587,31.84986,-2.017853,183.3032
14.26869,31.16022,-2.115784,183.0283
14.27959,30.49287,-1.99472,182.8984
14.29284,30.63962,-2.21167,183.0908
14.30231,30.38119,-1.565521,183.0381
14.31299,30.26498,-1.199738,182.7024
14.32583,30.14132,-1.184479,182.6395
14.33673,30.16356,-1.377808,182.6557
14.34659,30.14968,-1.296417,182.578
14.35942,30.37387,-1.105011,182.3523
14.369,30.80023,-1.217651,182.1044
14.38013,31.08269,-1.286865,181.9654
14.39271,31.49071,-1.176483,181.7695
14.40283,31.99664,-1.075348,181.4843
14.41384,32.59176,-1.150726,181.0057
14.42687,33.21315,-1.354401,180.564
14.43639,34.07997,-1.597412,180.1628
14.44782,35.14201,-1.9039,179.832
14.46168,36.11139,-2.281677,179.7168
14.4698,37.07287,-2.64621,179.5875
14.48089,38.09182,-3.198425,179.203
14.49366,38.86581,-3.96283,178.4894
14.50347,39.31359,-4.862915,177.6303
14.51435,39.52365,-5.240997,177.022
14.52721,39.91102,-5.60437,176.7337
14.53701,40.11031,-6.285919,176.0951
14.54802,40.04439,-6.967438,175.3475
14.56168,40.19805,-7.691284,174.7413
14.57027,40.43503,-8.13443,174.3866
14.58146,40.65535,-8.575531,173.9118
14.59469,40.87708,-8.964172,173.4206
14.60435,41.18467,-9.385345,172.8571
14.61509,41.4758,-9.888519,172.2446
14.62903,41.71608,-10.46381,171.5665
14.63744,41.92078,-11.1239,170.8319
14.64844,42.15235,-11.74033,170.1327
14.66219,42.32837,-12.24127,169.2933
14.67088,43.03963,-11.07187,170.8029
14.68209,42.94223,-11.31552,170.4866
14.69565,42.95176,-11.08719,171.0432
14.70511,43.03151,-11.24399,171.1743
14.7155,42.80603,-11.34912,171.318
14.7291,42.59743,-11.44598,171.371
14.73794,42.34866,-11.52795,171.375
14.74892,42.2153,-11.39548,171.4446
14.76313,42.05719,-11.23117,171.489
14.77228,41.90378,-11.11258,171.4476
14.78257,41.80417,-11.1413,171.3139
14.79594,41.70783,-11.11841,171.2974
14.80509,41.68194,-11.15884,171.2963
14.81616,41.71499,-11.19324,171.3053
14.83049,41.74996,-11.17184,171.3257
14.84884,41.86394,-11.14359,171.3649
14.85116,41.96267,-11.13602,171.3734
14.86439,42.03174,-11.13312,171.3818
14.87215,42.06265,-11.15814,171.3694
14.8833,42.05988,-11.18835,171.3227
14.8968,42.06116,-11.19257,171.3055
14.90627,42.04054,-11.17764,171.3212
14.91687,42.01445,-11.18054,171.3304
14.93127,41.96491,-11.16278,171.3321
14.93904,41.95132,-11.13235,171.3668
14.95016,41.91393,-11.13611,171.3606
14.964,41.91711,-11.14105,171.3644
14.97252,41.92769,-11.14624,171.3506
14.98372,41.95211,-11.11243,171.3903
14.99726,41.96975,-11.12344,171.3834
15.00625,41.97774,-11.13452,171.3771
15.01718,41.97213,-11.12592,171.3929
15.03076,41.9577,-11.13257,171.3825
15.03992,41.93158,-11.14621,171.379
15.05073,41.92408,-11.15427,171.3894
15.06464,41.91884,-11.14206,171.3842
15.07311,41.92263,-11.15405,171.3866
15.08425,41.94188,-11.11188,171.4302
15.09751,41.95187,-11.12402,171.4264
15.10665,41.93734,-11.13947,171.4204
15.11773,41.91892,-11.10791,171.444
15.13125,41.91199,-11.12085,171.4412
15.14021,41.91031,-11.13641,171.4267
15.1512,41.91443,-11.11707,171.4675
15.16582,41.91358,-11.11658,171.4712
15.17366,41.92125,-11.12045,171.4701
15.18474,41.9185,-11.1192,171.4797
15.19772,41.90957,-11.11752,171.4845
15.20736,41.91328,-11.12042,171.4976
15.21791,41.89725,-11.10001,171.5184
15.23049,41.90174,-11.09961,171.5211
15.24009,41.90813,-11.1077,171.5201
15.25098,41.88298,-11.09778,171.5347
15.26437,41.8968,-11.08746,171.5325
15.2734,41.89435,-11.09662,171.5368
15.28455,41.88987,-11.08487,171.5483
15.29825,41.89089,-11.10031,171.5463
15.30726,41.88541,-11.10333,171.5419
15.32081,41.8703,-11.07843,171.556
15.32981,41.88667,-11.0918,171.5556
15.34193,41.88063,-11.09467,171.5518
15.35368,41.88404,-11.09088,171.5664
15.36345,41.88484,-11.08575,171.5681
15.3742,41.88108,-11.09857,171.554
15.38755,41.88345,-11.07437,171.5827
15.39668,41.86939,-11.08826,171.5689
15.40774,41.88094,-11.08536,171.5872
15.42068,41.86092,-11.06775,171.5999
15.4305,41.85333,-11.07339,171.5806
15.44122,41.86715,-11.07751,171.5804
15.45478,41.86363,-11.08307,171.5866
15.46396,41.8472,-11.07343,171.5924
15.47458,41.86193,-11.09164,171.5809
15.48798,41.85912,-11.06659,171.6181
15.49726,41.86472,-11.07034,171.5972
15.50801,41.87028,-11.08566,171.5956
15.52133,41.85067,-11.07999,171.605
15.53054,41.85211,-11.08246,171.5977
15.54176,41.84666,-11.08994,171.6051
15.5551,41.85277,-11.06906,171.6375
15.56416,41.85442,-11.07632,171.6271
15.57523,41.85008,-11.07571,171.6254
15.58826,41.84836,-11.07767,171.6393
15.59772,41.84853,-11.08334,171.628
15.60868,41.85118,-11.07425,171.6406
15.62264,41.8405,-11.06586,171.6441
15.63114,41.83876,-11.06549,171.6458
15.64219,41.84138,-11.06256,171.6504
15.65549,41.83159,-11.05881,171.6476
15.66474,41.82482,-11.0632,171.6429
15.6762,41.8279,-11.06171,171.6473
15.68915,41.83111,-11.04749,171.6625
15.69816,41.82756,-11.05545,171.6618
15.70944,41.81978,-11.07596,171.6378
15.72338,41.8039,-11.05319,171.6652
15.73163,41.82521,-11.05853,171.6658
15.74289,41.82155,-11.04773,171.6752
15.75661,41.8189,-11.04999,171.6691
15.76544,41.8105,-11.05652,171.6573
15.7764,41.80978,-11.05878,171.6684
15.78926,41.8031,-11.04437,171.6803
15.79861,41.7991,-11.03821,171.6808
15.80982,41.80852,-11.03494,171.7049
15.82397,41.79328,-11.03189,171.6963
15.83235,41.8137,-11.03271,171.6924
15.84474,41.81348,-11.02686,171.7048
15.85591,41.80584,-11.02481,171.7117
15.8656,41.79293,-11.02679,171.7088
15.87653,41.7948,-11.03632,171.7004
15.88973,41.78831,-11.02481,171.7142
15.89919,41.78966,-11.04544,171.6942
15.91021,41.78937,-11.04205,171.7098
15.92455,41.7866,-11.03635,171.7142
15.93269,41.79301,-11.04547,171.7049
15.94379,41.79608,-11.0433,171.7034
15.95636,41.78854,-11.03793,171.7184
15.96621,41.79439,-11.05505,171.7079
15.97737,41.78566,-11.0462,171.7175
15.9905,41.78144,-11.04974,171.7186
15.9997,41.79122,-11.05298,171.7174
16.01082,41.79936,-11.05325,171.7122
16.0246,41.8008,-11.05554,171.7041
16.03316,41.80227,-11.05441,171.7107
16.04441,41.78467,-11.05145,171.7253
16.05805,41.77482,-11.05872,171.7147
16.06679,41.78311,-11.05667,171.7209
16.07847,41.78816,-11.05777,171.7262
16.09142,41.79266,-11.05209,171.725
16.10053,41.7956,-11.06137,171.722
16.11149,41.78943,-11.06354,171.7156
16.12468,41.78428,-11.06921,171.7191
16.13354,41.77615,-11.06259,171.718
16.14485,41.78212,-11.06277,171.7333
16.15744,41.77374,-11.06375,171.7296
16.16732,41.7892,-11.07343,171.7246
16.17833,41.78052,-11.06711,171.7358
16.19117,41.77578,-11.06094,171.7339
16.20065,41.79146,-11.07068,171.7344
16.21166,41.7826,-11.06015,171.7495
16.22542,41.77691,-11.0553,171.7612
16.2346,41.77007,-11.07861,171.7401
16.24535,41.77428,-11.07321,171.7398
16.25898,41.77842,-11.06107,171.7589
16.26783,41.77203,-11.07242,171.7522
16.27886,41.76563,-11.07245,171.7572
16.29186,41.763,-11.07819,171.7502
16.30113,41.77787,-11.0813,171.751
16.31231,41.78275,-11.07394,171.7618
16.32533,41.75693,-11.06757,171.7593
16.33487,41.76209,-11.07736,171.7602
16.34715,41.75483,-11.07379,171.7575
16.35884,41.75041,-11.06543,171.7642
16.36834,41.76611,-11.07263,171.7648
16.37937,41.75661,-11.07513,171.7726
16.39266,41.76683,-11.0643,171.7745
16.40204,41.76969,-11.08527,171.7563
16.41301,41.77179,-11.06778,171.7784
16.42611,41.74998,-11.06885,171.7772
16.43537,41.74678,-11.08929,171.7631
16.44652,41.74218,-11.07724,171.7795
16.45982,41.75191,-11.0675,171.7822
16.4691,41.74768,-11.06763,171.7883
16.48002,41.75288,-11.07193,171.7963
16.49328,41.74857,-11.0704,171.7861
16.50237,41.74261,-11.07257,171.7907
16.5133,41.73436,-11.07935,171.7849
16.52677,41.73689,-11.06879,171.7872
16.53608,41.74512,-11.07635,171.8009
16.54707,41.73168,-11.07623,171.7909
16.56041,41.73626,-11.07294,171.7934
16.56949,41.74144,-11.07693,171.7914
16.58038,41.73869,-11.08694,171.7763
16.59329,41.74366,-11.07648,171.7937
16.60288,41.73732,-11.08838,171.779
16.61395,41.72673,-11.08105,171.8009
16.62719,41.72137,-11.07828,171.8058
16.63639,41.72155,-11.08896,171.7886
16.6476,41.73586,-11.09277,171.7944
16.66095,41.74349,-11.09103,171.7901
16.66992,41.72532,-11.09848,171.7885
16.68109,41.71846,-11.08466,171.8058
16.69432,41.71428,-11.09296,171.7971
16.7035,41.71696,-11.07819,171.8005
16.71515,41.71118,-11.07748,171.8228
16.72812,41.7118,-11.06494,171.8267
16.73683,41.71746,-11.07166,171.8268
16.74805,41.72284,-11.07004,171.8288
16.76155,41.72263,-11.06757,171.8311
16.7706,41.71615,-11.06558,171.8504
16.78176,41.70558,-11.07056,171.8424
16.79487,41.71265,-11.05606,171.852
16.80411,41.70599,-11.07251,171.8492
16.8149,41.70576,-11.06717,171.8365
16.82918,41.7163,-11.08011,171.8347
16.83749,41.71389,-11.09192,171.8273
16.84935,41.70969,-11.07034,171.8419
16.8616,41.70378,-11.08023,171.8348
16.87078,41.70135,-11.07629,171.8443
16.88209,41.70419,-11.06418,171.8527
16.8949,41.70992,-11.08191,171.8378
16.90457,41.70488,-11.07574,171.8425
16.91554,41.70025,-11.08145,171.8437
16.92909,41.71229,-11.07874,171.8419
16.93806,41.71108,-11.08942,171.8436
16.94907,41.70432,-11.0632,171.8619
16.9632,41.70579,-11.08585,171.8373
16.97153,41.69812,-11.07004,171.8523
16.9826,41.7092,-11.06903,171.8569
16.99616,41.71318,-11.07785,171.8592
17.00508,41.70104,-11.08072,171.8547
17.01597,41.70976,-11.0752,171.8492
17.0292,41.7028,-11.08331,171.8605
17.03896,41.70101,-11.07312,171.8625
17.04965,41.69032,-11.07169,171.8601
17.06348,41.70693,-11.07968,171.8692
17.07227,41.69636,-11.0708,171.8751
17.08377,41.68996,-11.07718,171.864
17.09727,41.69408,-11.07492,171.8636
17.10532,41.69257,-11.07697,171.8698
17.11654,41.69473,-11.07285,171.8701
17.12929,41.69804,-11.07843,171.8665
17.13881,41.69255,-11.07169,171.871
17.15002,41.68348,-11.07327,171.8738
17.16382,41.6918,-11.06573,171.8818
17.17265,41.68937,-11.06607,171.8835
17.18388,41.69354,-11.07666,171.868
17.19718,41.696,-11.09552,171.8543
17.20596,41.69492,-11.09549,171.8589
17.2171,41.69574,-11.07681,171.8648
17.23023,41.69462,-11.08414,171.8623
17.24022,41.68053,-11.08456,171.8729
17.25109,41.67969,-11.08752,171.8566
17.26485,41.67516,-11.0954,171.8678
17.27377,41.67507,-11.0979,171.8575
17.28463,41.67956,-11.08237,171.8712
17.2976,41.67408,-11.08542,171.8624
17.30724,41.67272,-11.09845,171.8669
17.31995,41.68871,-11.09625,171.8551
17.33011,41.67578,-11.09924,171.8601
17.33995,41.6851,-11.09644,171.8627
17.35209,41.67559,-11.07864,171.877
17.36512,41.67867,-11.09418,171.8718
17.37368,41.67706,-11.09134,171.875
17.3847,41.68469,-11.08661,171.8706
17.39759,41.68087,-11.10669,171.867
17.40703,41.66756,-11.09543,171.8676
17.42021,41.6644,-11.0929,171.8724
17.42984,41.65784,-11.09915,171.8751
17.44054,41.67682,-11.08643,171.8843
17.454,41.66438,-11.08722,171.8899
17.46298,41.66303,-11.08334,171.8871
17.47482,41.66112,-11.0896,171.8897
17.48703,41.67788,-11.08887,171.8887
17.49654,41.67105,-11.09589,171.8798
17.50761,41.68132,-11.09967,171.885
17.52088,41.66609,-11.09592,171.8793
17.53003,41.66249,-11.09842,171.88
17.54107,41.65877,-11.10492,171.8844
17.55392,41.65067,-11.10046,171.8905
17.56353,41.66391,-11.10654,171.8772
17.57469,41.67226,-11.11224,171.8726
17.58808,41.66678,-11.10205,171.8788
17.597,41.67556,-11.11072,171.8744
17.60809,41.66062,-11.10947,171.8755
17.62161,41.66397,-11.09518,171.8879
17.63047,41.66566,-11.10675,171.8705
17.64175,41.67609,-11.10974,171.8855
17.65487,41.65992,-11.10587,171.8888
17.66415,41.66938,-11.12149,171.8749
17.67509,41.6702,-11.11212,171.8777
17.6883,41.66764,-11.10095,171.892
17.6985,41.66109,-11.10107,171.8925
17.70865,41.66674,-11.11581,171.8792
17.72167,41.6555,-11.1149,171.886
17.73112,41.65438,-11.11145,171.8832
17.74228,41.66307,-11.11404,171.8819
17.75525,41.6635,-11.11652,171.8783
17.76453,41.6617,-11.10184,171.8926
17.7758,41.66731,-11.11002,171.8867
17.78869,41.64733,-11.09259,171.8998
17.79834,41.65009,-11.1041,171.9059
17.80982,41.6456,-11.10574,171.9011
17.82272,41.63726,-11.09631,171.8992
17.83152,41.65082,-11.10104,171.8987
17.84278,41.65744,-11.10062,171.9011
17.85752,41.65977,-11.09946,171.8999
17.86507,41.66487,-11.10205,171.8965
17.87603,41.65578,-11.09827,171.9024
17.88938,41.64365,-11.10321,171.8959
17.89882,41.65279,-11.10794,171.9036
17.90972,41.66416,-11.09692,171.9156
17.92424,41.66266,-11.08353,171.9217
17.93224,41.66888,-11.09875,171.9136
17.94321,41.66061,-11.0979,171.9156
17.95622,41.64738,-11.09039,171.9154
17.96559,41.65503,-11.10388,171.9027
17.97671,41.64956,-11.09702,171.9195
17.99017,41.65207,-11.09253,171.9123
17.99961,41.64972,-11.09521,171.9162
18.01029,41.65451,-11.09366,171.9241
18.02423,41.64781,-11.10568,171.9169
18.03264,41.64795,-11.11145,171.9084
18.04371,41.63791,-11.09653,171.9271
18.05786,41.63753,-11.09576,171.9299
18.06631,41.64441,-11.09808,171.9164
18.0773,41.65702,-11.07379,171.9228
18.09069,41.65046,-11.08075,171.9542
18.0995,41.65697,-11.08508,171.9483
18.11084,41.6253,-11.0903,171.9282
18.12505,41.63863,-11.09735,171.9286
18.13344,41.64709,-11.08939,171.9436
18.1447,41.64859,-11.10535,171.9256
18.15878,41.6354,-11.09866,171.9288
18.16667,41.64787,-11.11511,171.907
18.17775,41.64423,-11.10849,171.9227
18.19026,41.64103,-11.09668,171.9299
18.20001,41.64183,-11.11029,171.9181
18.21122,41.63284,-11.10956,171.9115
18.22425,41.64822,-11.10617,171.917
18.23388,41.652,-11.11682,171.9172
18.24469,41.64919,-11.09845,171.9299
18.25821,41.63959,-11.10468,171.9316
18.26738,41.64686,-11.099,171.9421
18.27856,41.64993,-11.09576,171.942
18.29197,41.63373,-11.10535,171.935
18.30107,41.64511,-11.10867,171.9265
18.31187,41.63142,-11.10474,171.9403
18.32532,41.638,-11.10089,171.9298
18.33419,41.63582,-11.09982,171.9417
18.34612,41.646,-11.10629,171.9348
18.35991,41.64849,-11.09674,171.9453
18.36793,41.64634,-11.11383,171.9316
18.37884,41.63697,-11.10007,171.9342
18.39202,41.63767,-11.10193,171.9324
18.40114,41.65187,-11.11322,171.921
18.41251,41.64445,-11.10495,171.9349
18.42557,41.62854,-11.10297,171.9346
18.43481,41.62819,-11.11157,171.9245
18.4458,41.63682,-11.11057,171.9338
18.45924,41.63285,-11.10266,171.9385
18.46852,41.63531,-11.10059,171.9342
18.4798,41.63135,-11.09647,171.9344
18.49258,41.63712,-11.1106,171.9249
18.50184,41.63241,-11.10745,171.9292
18.51284,41.63806,-11.10669,171.9257
18.52614,41.63795,-11.10553,171.9359
18.5354,41.63243,-11.11618,171.9268
18.54646,41.63077,-11.11749,171.9229
18.55938,41.6372,-11.1098,171.9339
18.56886,41.63212,-11.10312,171.9412
18.57981,41.63308,-11.10147,171.9529
18.59309,41.63314,-11.10953,171.936
18.60236,41.63164,-11.10739,171.9419
18.61349,41.63645,-11.11145,171.9414
18.62635,41.62469,-11.10345,171.9443
18.63634,41.63681,-11.11731,171.9327
18.64701,41.63046,-11.10104,171.9491
18.66026,41.6332,-11.10175,171.954
18.66934,41.62889,-11.10648,171.951
18.68075,41.62714,-11.09412,171.963
18.69376,41.63352,-11.10773,171.9412
18.70299,41.62943,-11.10233,171.9581
18.71479,41.63581,-11.08859,171.9571
18.72726,41.62564,-11.10236,171.9565
18.7364,41.63207,-11.10468,171.9533
18.74743,41.63055,-11.11096,171.9565
18.76073,41.62394,-11.1069,171.9491
18.77053,41.64061,-11.10803,171.9552
18.781,41.63558,-11.10812,171.9517
18.79461,41.64033,-11.10434,171.9608
18.80344,41.64138,-11.11258,171.9509
18.81442,41.63408,-11.11908,171.9476
18.82873,41.62619,-11.11722,171.942
18.83693,41.6228,-11.10898,171.9506
18.84789,41.62462,-11.12045,171.9533
18.8623,41.62742,-11.11035,171.9626
18.87017,41.63206,-11.11627,171.9442
18.88127,41.63104,-11.11945,171.9274
18.89416,41.61703,-11.11697,171.9411
18.90402,41.62358,-11.11859,171.9457
18.9149,41.62303,-11.12262,171.9424
18.92825,41.62241,-11.129,171.9352
18.93717,41.61964,-11.12302,171.9401
18.94818,41.62332,-11.12021,171.9427
18.96156,41.6316,-11.13983,171.9354
18.97068,41.6257,-11.1246,171.9419
18.98185,41.63046,-11.11865,171.9386
18.99616,41.63935,-11.12106,171.9447
19.00464,41.62701,-11.12067,171.9396
19.02058,41.62148,-11.11972,171.9407
19.02921,41.62959,-11.12708,171.9461
19.03852,41.6249,-11.11688,171.9517
19.049,41.63383,-11.11835,171.9399
19.06276,41.63439,-11.1311,171.9373
19.07137,41.63227,-11.11908,171.9494
19.08247,41.62037,-11.12424,171.9455
19.09579,41.61964,-11.11673,171.954
19.10744,41.62532,-11.1225,171.9486
